reg_date,temperature
"2023-06-01 13:47:15",27.38
"2023-06-01 13:47:18",27.38
"2023-06-01 13:47:24",27.38
"2023-06-01 13:47:27",27.38
"2023-06-01 13:47:33",27.39
"2023-06-01 13:47:39",27.38
"2023-06-01 13:47:42",27.38
"2023-06-01 13:47:48",27.38
"2023-06-01 13:47:54",27.38
"2023-06-01 13:47:57",27.38
"2023-06-01 13:48:03",27.38
"2023-06-01 13:48:09",27.38
"2023-06-01 13:48:12",27.38
"2023-06-01 13:48:18",27.38
"2023-06-01 13:48:24",27.38
"2023-06-01 13:48:27",27.38
"2023-06-01 13:48:33",27.39
"2023-06-01 13:48:36",27.39
"2023-06-01 13:48:42",27.38
"2023-06-01 13:48:48",27.39
"2023-06-01 13:48:51",27.38
"2023-06-01 13:48:57",27.39
"2023-06-01 13:49:03",27.38
"2023-06-01 13:49:06",27.38
"2023-06-01 13:49:12",27.38
"2023-06-01 13:49:18",27.38
"2023-06-01 13:49:24",27.39
"2023-06-01 13:49:33",27.39
"2023-06-01 13:49:36",27.39
"2023-06-01 13:49:42",27.38
"2023-06-01 13:49:48",27.39
"2023-06-01 13:49:51",27.39
"2023-06-01 13:49:57",27.38
"2023-06-01 13:50:03",27.38
"2023-06-01 13:50:06",27.39
"2023-06-01 13:50:12",27.38
"2023-06-01 13:50:18",27.39
"2023-06-01 13:50:21",27.39
"2023-06-01 13:50:27",27.39
"2023-06-01 13:50:33",27.38
"2023-06-01 13:50:36",27.39
"2023-06-01 13:50:43",27.39
"2023-06-01 13:50:49",27.39
"2023-06-01 13:50:52",27.39
"2023-06-01 13:50:58",27.39
"2023-06-01 13:51:04",27.39
"2023-06-01 13:51:07",27.39
"2023-06-01 13:51:13",27.39
"2023-06-01 13:51:19",27.39
"2023-06-01 13:51:22",27.39
"2023-06-01 13:51:28",27.39
"2023-06-01 13:51:34",27.39
"2023-06-01 13:51:37",27.39
"2023-06-01 13:51:43",27.39
"2023-06-01 13:51:49",27.39
"2023-06-01 13:51:52",27.39
"2023-06-01 13:51:58",27.39
"2023-06-01 13:52:04",27.39
"2023-06-01 13:52:07",27.39
"2023-06-01 13:52:13",27.39
"2023-06-01 13:52:19",27.39
"2023-06-01 13:52:22",27.39
"2023-06-01 13:52:28",27.39
"2023-06-01 13:52:34",27.39
"2023-06-01 13:52:37",27.39
"2023-06-01 13:52:43",27.39
"2023-06-01 13:52:49",27.39
"2023-06-01 13:52:52",27.39
"2023-06-01 13:52:58",27.39
"2023-06-01 13:53:04",27.39
"2023-06-01 13:53:07",27.39
"2023-06-01 13:53:13",27.39
"2023-06-01 13:53:19",27.39
"2023-06-01 13:53:22",27.39
"2023-06-01 13:53:28",27.39
"2023-06-01 13:53:34",27.39
"2023-06-01 13:53:37",27.39
"2023-06-01 13:53:43",27.39
"2023-06-01 13:53:49",27.39
"2023-06-01 13:53:52",27.39
"2023-06-01 13:53:58",27.39
"2023-06-01 13:54:04",27.39
"2023-06-01 13:54:07",27.39
"2023-06-01 13:54:13",27.39
"2023-06-01 13:54:19",27.39
"2023-06-01 13:54:22",27.39
"2023-06-01 13:54:28",27.39
"2023-06-01 13:54:34",27.39
"2023-06-01 13:54:37",27.39
"2023-06-01 13:54:43",27.39
"2023-06-01 13:54:49",27.39
"2023-06-01 13:54:52",27.39
"2023-06-01 13:54:58",27.39
"2023-06-01 13:55:01",27.39
"2023-06-01 13:55:07",27.39
"2023-06-01 13:55:13",27.39
"2023-06-01 13:55:16",27.39
"2023-06-01 13:55:22",27.39
"2023-06-01 13:55:28",27.39
"2023-06-01 13:55:31",27.39
"2023-06-01 13:55:37",27.39
"2023-06-01 13:55:43",27.39
"2023-06-01 13:55:46",27.39
"2023-06-01 13:55:52",27.39
"2023-06-01 13:55:58",27.39
"2023-06-01 13:56:01",27.39
"2023-06-01 13:56:13",27.39
"2023-06-01 13:56:16",27.39
"2023-06-01 13:56:22",27.39
"2023-06-01 13:56:28",27.39
"2023-06-01 13:56:31",27.39
"2023-06-01 13:56:37",27.39
"2023-06-01 13:56:44",27.39
"2023-06-01 13:56:47",27.39
"2023-06-01 13:56:53",27.39
"2023-06-01 13:56:59",27.39
"2023-06-01 13:57:02",27.39
"2023-06-01 13:57:08",27.38
"2023-06-01 13:57:14",27.38
"2023-06-01 13:57:17",27.39
"2023-06-01 13:57:23",27.39
"2023-06-01 13:57:29",27.39
"2023-06-01 13:57:32",27.39
"2023-06-01 13:57:38",27.38
"2023-06-01 13:57:44",27.38
"2023-06-01 13:57:47",27.39
"2023-06-01 13:57:53",27.39
"2023-06-01 13:57:59",27.39
"2023-06-01 13:58:02",27.39
"2023-06-01 13:58:08",27.39
"2023-06-01 13:58:14",27.39
"2023-06-01 13:58:17",27.39
"2023-06-01 13:58:23",27.38
"2023-06-01 13:58:29",27.39
"2023-06-01 13:58:32",27.39
"2023-06-01 13:58:38",27.39
"2023-06-01 13:58:44",27.38
"2023-06-01 13:58:53",27.38
"2023-06-01 13:58:59",27.38
"2023-06-01 13:59:02",27.39
"2023-06-01 13:59:08",27.38
"2023-06-01 13:59:14",27.39
"2023-06-01 13:59:17",27.38
"2023-06-01 13:59:23",27.39
"2023-06-01 13:59:29",27.39
"2023-06-01 13:59:32",27.38
"2023-06-01 13:59:38",27.38
"2023-06-01 13:59:44",27.38
"2023-06-01 13:59:47",27.38
"2023-06-01 13:59:53",27.38
"2023-06-01 13:59:59",27.38
"2023-06-01 14:00:02",27.38
"2023-06-01 14:00:08",27.38
"2023-06-01 14:00:14",27.38
"2023-06-01 14:00:17",27.38
"2023-06-01 14:00:23",27.38
"2023-06-01 14:00:29",27.38
"2023-06-01 14:00:32",27.38
"2023-06-01 14:00:38",27.38
"2023-06-01 14:00:44",27.38
"2023-06-01 14:00:47",27.38
"2023-06-01 14:00:53",27.38
"2023-06-01 14:00:59",27.38
"2023-06-01 14:01:02",27.38
"2023-06-01 14:01:08",27.38
"2023-06-01 14:01:14",27.38
"2023-06-01 14:01:17",27.38
"2023-06-01 14:01:23",27.39
"2023-06-01 14:01:29",27.38
"2023-06-01 14:01:32",27.38
"2023-06-01 14:01:38",27.38
"2023-06-01 14:01:41",27.38
"2023-06-01 14:01:47",27.38
"2023-06-01 14:01:53",27.38
"2023-06-01 14:01:56",27.37
"2023-06-01 14:02:02",27.38
"2023-06-01 14:02:08",27.38
"2023-06-01 14:02:11",27.38
"2023-06-01 14:02:17",27.39
"2023-06-01 14:02:23",27.38
"2023-06-01 14:02:26",27.38
"2023-06-01 14:02:32",27.37
"2023-06-01 14:02:38",27.38
"2023-06-01 14:02:41",27.38
"2023-06-01 14:02:47",27.38
"2023-06-01 14:02:53",27.38
"2023-06-01 14:02:56",27.38
"2023-06-01 14:03:02",27.37
"2023-06-01 14:03:08",27.38
"2023-06-01 14:03:11",27.38
"2023-06-01 14:03:17",27.38
"2023-06-01 14:03:23",27.38
"2023-06-01 14:03:30",27.38
"2023-06-01 14:03:33",27.38
"2023-06-01 14:03:39",27.38
"2023-06-01 14:03:42",27.38
"2023-06-01 14:03:48",27.38
"2023-06-01 14:03:54",27.37
"2023-06-01 14:03:57",27.37
"2023-06-01 14:04:03",27.37
"2023-06-01 14:04:09",27.37
"2023-06-01 14:04:12",27.37
"2023-06-01 14:04:18",27.37
"2023-06-01 14:04:24",27.38
"2023-06-01 14:04:27",27.38
"2023-06-01 14:04:33",27.38
"2023-06-01 14:04:39",27.38
"2023-06-01 14:04:42",27.38
"2023-06-01 14:04:48",27.37
"2023-06-01 14:04:54",27.37
"2023-06-01 14:04:57",27.37
"2023-06-01 14:05:03",27.37
"2023-06-01 14:05:09",27.37
"2023-06-01 14:05:12",27.37
"2023-06-01 14:05:18",27.37
"2023-06-01 14:05:24",27.37
"2023-06-01 14:05:27",27.37
"2023-06-01 14:05:33",27.37
"2023-06-01 14:05:39",27.37
"2023-06-01 14:05:42",27.37
"2023-06-01 14:05:48",27.37
"2023-06-01 14:05:54",27.38
"2023-06-01 14:05:57",27.37
"2023-06-01 14:06:03",27.37
"2023-06-01 14:06:09",27.37
"2023-06-01 14:06:12",27.37
"2023-06-01 14:06:18",27.37
"2023-06-01 14:06:24",27.37
"2023-06-01 14:06:27",27.37
"2023-06-01 14:06:33",27.36
"2023-06-01 14:06:39",27.37
"2023-06-01 14:06:42",27.37
"2023-06-01 14:06:48",27.37
"2023-06-01 14:06:54",27.36
"2023-06-01 14:06:57",27.37
"2023-06-01 14:07:03",27.37
"2023-06-01 14:07:09",27.37
"2023-06-01 14:07:12",27.37
"2023-06-01 14:07:18",27.37
"2023-06-01 14:07:24",27.37
"2023-06-01 14:07:27",27.37
"2023-06-01 14:07:33",27.37
"2023-06-01 14:07:39",27.37
"2023-06-01 14:07:42",27.37
"2023-06-01 14:07:48",27.37
"2023-06-01 14:07:54",27.36
"2023-06-01 14:07:57",27.37
"2023-06-01 14:08:03",27.37
"2023-06-01 14:08:09",27.37
"2023-06-01 14:08:12",27.37
"2023-06-01 14:08:18",27.37
"2023-06-01 14:08:24",27.37
"2023-06-01 14:08:27",27.37
"2023-06-01 14:08:33",27.37
"2023-06-01 14:08:42",27.37
"2023-06-01 14:08:48",27.37
"2023-06-01 14:08:54",27.36
"2023-06-01 14:08:57",27.36
"2023-06-01 14:09:03",27.36
"2023-06-01 14:09:06",27.36
"2023-06-01 14:09:12",27.36
"2023-06-01 14:09:18",27.36
"2023-06-01 14:09:24",27.36
"2023-06-01 14:09:27",27.37
"2023-06-01 14:09:33",27.36
"2023-06-01 14:09:36",27.36
"2023-06-01 14:09:42",27.36
"2023-06-01 14:09:48",27.36
"2023-06-01 14:09:51",27.36
"2023-06-01 14:09:57",27.36
"2023-06-01 14:10:03",27.36
"2023-06-01 14:10:06",27.36
"2023-06-01 14:10:12",27.36
"2023-06-01 14:10:18",27.36
"2023-06-01 14:10:21",27.36
"2023-06-01 14:10:27",27.36
"2023-06-01 14:10:33",27.36
"2023-06-01 14:10:36",27.36
"2023-06-01 14:10:42",27.36
"2023-06-01 14:10:48",27.36
"2023-06-01 14:10:51",27.36
"2023-06-01 14:10:57",27.36
"2023-06-01 14:11:03",27.36
"2023-06-01 14:11:06",27.36
"2023-06-01 14:11:12",27.36
"2023-06-01 14:11:18",27.36
"2023-06-01 14:11:21",27.36
"2023-06-01 14:11:33",27.36
"2023-06-01 14:11:37",27.36
"2023-06-01 14:11:43",27.35
"2023-06-01 14:11:49",27.36
"2023-06-01 14:11:52",27.35
"2023-06-01 14:11:58",27.36
"2023-06-01 14:12:04",27.36
"2023-06-01 14:12:07",27.36
"2023-06-01 14:12:13",27.36
"2023-06-01 14:12:19",27.36
"2023-06-01 14:12:22",27.36
"2023-06-01 14:12:28",27.36
"2023-06-01 14:12:34",27.36
"2023-06-01 14:12:37",27.35
"2023-06-01 14:12:43",27.35
"2023-06-01 14:12:49",27.35
"2023-06-01 14:12:52",27.35
"2023-06-01 14:12:58",27.36
"2023-06-01 14:13:04",27.36
"2023-06-01 14:13:07",27.35
"2023-06-01 14:13:13",27.36
"2023-06-01 14:13:19",27.36
"2023-06-01 14:13:22",27.35
"2023-06-01 14:13:28",27.35
"2023-06-01 14:13:34",27.35
"2023-06-01 14:13:37",27.35
"2023-06-01 14:13:43",27.35
"2023-06-01 14:13:49",27.35
"2023-06-01 14:13:52",27.35
"2023-06-01 14:13:58",27.36
"2023-06-01 14:14:04",27.35
"2023-06-01 14:14:07",27.36
"2023-06-01 14:14:13",27.35
"2023-06-01 14:14:19",27.35
"2023-06-01 14:14:22",27.35
"2023-06-01 14:14:28",27.35
"2023-06-01 14:14:34",27.35
"2023-06-01 14:14:37",27.35
"2023-06-01 14:14:43",27.35
"2023-06-01 14:14:49",27.35
"2023-06-01 14:14:52",27.35
"2023-06-01 14:14:58",27.35
"2023-06-01 14:15:04",27.35
"2023-06-01 14:15:07",27.35
"2023-06-01 14:15:13",27.35
"2023-06-01 14:15:19",27.35
"2023-06-01 14:15:22",27.35
"2023-06-01 14:15:28",27.35
"2023-06-01 14:15:34",27.35
"2023-06-01 14:15:37",27.35
"2023-06-01 14:15:43",27.35
"2023-06-01 14:15:49",27.35
"2023-06-01 14:15:52",27.35
"2023-06-01 14:15:58",27.35
"2023-06-01 14:16:04",27.35
"2023-06-01 14:16:07",27.35
"2023-06-01 14:16:13",27.35
"2023-06-01 14:16:19",27.35
"2023-06-01 14:16:22",27.35
"2023-06-01 14:16:28",27.35
"2023-06-01 14:16:34",27.35
"2023-06-01 14:16:37",27.35
"2023-06-01 14:16:43",27.35
"2023-06-01 14:16:49",27.35
"2023-06-01 14:16:52",27.35
"2023-06-01 14:16:58",27.35
"2023-06-01 14:17:04",27.35
"2023-06-01 14:17:07",27.35
"2023-06-01 14:17:13",27.35
"2023-06-01 14:17:19",27.35
"2023-06-01 14:17:22",27.35
"2023-06-01 14:17:28",27.35
"2023-06-01 14:17:34",27.35
"2023-06-01 14:17:37",27.35
"2023-06-01 14:17:43",27.35
"2023-06-01 14:17:52",27.35
"2023-06-01 14:17:58",27.35
"2023-06-01 14:18:04",27.35
"2023-06-01 14:18:07",27.35
"2023-06-01 14:18:13",27.35
"2023-06-01 14:18:19",27.35
"2023-06-01 14:18:22",27.35
"2023-06-01 14:18:28",27.35
"2023-06-01 14:18:31",27.35
"2023-06-01 14:18:37",27.35
"2023-06-01 14:18:43",27.35
"2023-06-01 14:18:49",27.35
"2023-06-01 14:18:52",27.35
"2023-06-01 14:18:58",27.35
"2023-06-01 14:19:01",27.35
"2023-06-01 14:19:07",27.35
"2023-06-01 14:19:13",27.35
"2023-06-01 14:19:16",27.35
"2023-06-01 14:19:22",27.35
"2023-06-01 14:19:28",27.35
"2023-06-01 14:19:31",27.35
"2023-06-01 14:19:37",27.35
"2023-06-01 14:19:43",27.35
"2023-06-01 14:19:46",27.35
"2023-06-01 14:19:52",27.35
"2023-06-01 14:19:58",27.35
"2023-06-01 14:20:01",27.35
"2023-06-01 14:20:07",27.35
"2023-06-01 14:20:13",27.35
"2023-06-01 14:20:16",27.35
"2023-06-01 14:20:22",27.35
"2023-06-01 14:20:28",27.35
"2023-06-01 14:20:31",27.35
"2023-06-01 14:20:37",27.35
"2023-06-01 14:20:43",27.35
"2023-06-01 14:20:46",27.35
"2023-06-01 14:20:52",27.35
"2023-06-01 14:20:58",27.35
"2023-06-01 14:21:01",27.35
"2023-06-01 14:21:07",27.35
"2023-06-01 14:21:13",27.35
"2023-06-01 14:21:16",27.35
"2023-06-01 14:21:22",27.35
"2023-06-01 14:21:29",27.35
"2023-06-01 14:21:32",27.35
"2023-06-01 14:21:38",27.35
"2023-06-01 14:21:44",27.35
"2023-06-01 14:21:47",27.35
"2023-06-01 14:21:53",27.35
"2023-06-01 14:21:59",27.35
"2023-06-01 14:22:02",27.35
"2023-06-01 14:22:08",27.35
"2023-06-01 14:22:14",27.35
"2023-06-01 14:22:17",27.35
"2023-06-01 14:22:23",27.35
"2023-06-01 14:22:29",27.35
"2023-06-01 14:22:32",27.35
"2023-06-01 14:22:38",27.35
"2023-06-01 14:22:44",27.34
"2023-06-01 14:22:47",27.35
"2023-06-01 14:22:53",27.35
"2023-06-01 14:22:59",27.34
"2023-06-01 14:23:02",27.35
"2023-06-01 14:23:08",27.35
"2023-06-01 14:23:14",27.35
"2023-06-01 14:23:17",27.35
"2023-06-01 14:23:23",27.35
"2023-06-01 14:23:29",27.35
"2023-06-01 14:23:32",27.35
"2023-06-01 14:23:38",27.35
"2023-06-01 14:23:44",27.34
"2023-06-01 14:23:47",27.35
"2023-06-01 14:23:53",27.35
"2023-06-01 14:23:59",27.34
"2023-06-01 14:24:02",27.34
"2023-06-01 14:24:08",27.35
"2023-06-01 14:24:14",27.35
"2023-06-01 14:24:17",27.35
"2023-06-01 14:24:23",27.34
"2023-06-01 14:24:29",27.34
"2023-06-01 14:24:32",27.35
"2023-06-01 14:24:38",27.35
"2023-06-01 14:24:44",27.34
"2023-06-01 14:24:47",27.34
"2023-06-01 14:24:53",27.34
"2023-06-01 14:24:59",27.34
"2023-06-01 14:25:02",27.35
"2023-06-01 14:25:08",27.34
"2023-06-01 14:25:14",27.35
"2023-06-01 14:25:17",27.34
"2023-06-01 14:25:23",27.34
"2023-06-01 14:25:29",27.35
"2023-06-01 14:25:32",27.35
"2023-06-01 14:25:38",27.34
"2023-06-01 14:25:44",27.35
"2023-06-01 14:25:47",27.34
"2023-06-01 14:25:53",27.34
"2023-06-01 14:25:59",27.34
"2023-06-01 14:26:02",27.34
"2023-06-01 14:26:08",27.34
"2023-06-01 14:26:14",27.34
"2023-06-01 14:26:17",27.35
"2023-06-01 14:26:23",27.34
"2023-06-01 14:26:29",27.34
"2023-06-01 14:26:32",27.34
"2023-06-01 14:26:38",27.34
"2023-06-01 14:26:44",27.34
"2023-06-01 14:26:47",27.34
"2023-06-01 14:26:53",27.34
"2023-06-01 14:26:59",27.34
"2023-06-01 14:27:02",27.34
"2023-06-01 14:27:08",27.34
"2023-06-01 14:27:14",27.34
"2023-06-01 14:27:17",27.34
"2023-06-01 14:27:23",27.34
"2023-06-01 14:27:29",27.35
"2023-06-01 14:27:32",27.34
"2023-06-01 14:27:38",27.34
"2023-06-01 14:27:44",27.34
"2023-06-01 14:27:47",27.34
"2023-06-01 14:27:53",27.34
"2023-06-01 14:27:59",27.34
"2023-06-01 14:28:02",27.34
"2023-06-01 14:28:08",27.34
"2023-06-01 14:28:14",27.34
"2023-06-01 14:28:17",27.34
"2023-06-01 14:28:23",27.34
"2023-06-01 14:28:29",27.34
"2023-06-01 14:28:32",27.34
"2023-06-01 14:28:38",27.34
"2023-06-01 14:28:41",27.34
"2023-06-01 14:28:47",27.33
"2023-06-01 14:28:53",27.33
"2023-06-01 14:28:59",27.33
"2023-06-01 14:29:02",27.33
"2023-06-01 14:29:08",27.33
"2023-06-01 14:29:14",27.33
"2023-06-01 14:29:17",27.33
"2023-06-01 14:29:23",27.34
"2023-06-01 14:29:29",27.34
"2023-06-01 14:29:32",27.34
"2023-06-01 14:29:38",27.34
"2023-06-01 14:29:41",27.34
"2023-06-01 14:29:47",27.33
"2023-06-01 14:29:53",27.34
"2023-06-01 14:29:56",27.33
"2023-06-01 14:30:02",27.34
"2023-06-01 14:30:08",27.34
"2023-06-01 14:30:11",27.34
"2023-06-01 14:30:17",27.34
"2023-06-01 14:30:23",27.33
"2023-06-01 14:30:26",27.33
"2023-06-01 14:30:32",27.34
"2023-06-01 14:30:38",27.34
"2023-06-01 14:30:41",27.33
"2023-06-01 14:30:47",27.34
"2023-06-01 14:30:53",27.34
"2023-06-01 14:30:56",27.34
"2023-06-01 14:31:02",27.34
"2023-06-01 14:31:08",27.34
"2023-06-01 14:31:11",27.33
"2023-06-01 14:31:17",27.33
"2023-06-01 14:31:23",27.34
"2023-06-01 14:31:26",27.33
"2023-06-01 14:31:33",27.33
"2023-06-01 14:31:39",27.33
"2023-06-01 14:31:42",27.33
"2023-06-01 14:31:48",27.34
"2023-06-01 14:31:54",27.34
"2023-06-01 14:31:57",27.33
"2023-06-01 14:32:03",27.33
"2023-06-01 14:32:09",27.34
"2023-06-01 14:32:12",27.33
"2023-06-01 14:32:18",27.33
"2023-06-01 14:32:24",27.33
"2023-06-01 14:32:27",27.33
"2023-06-01 14:32:33",27.33
"2023-06-01 14:32:42",27.33
"2023-06-01 14:32:48",27.33
"2023-06-01 14:32:54",27.33
"2023-06-01 14:32:57",27.33
"2023-06-01 14:33:03",27.33
"2023-06-01 14:33:09",27.33
"2023-06-01 14:33:12",27.33
"2023-06-01 14:33:18",27.33
"2023-06-01 14:33:24",27.33
"2023-06-01 14:33:27",27.33
"2023-06-01 14:33:33",27.33
"2023-06-01 14:33:39",27.33
"2023-06-01 14:33:42",27.33
"2023-06-01 14:33:48",27.33
"2023-06-01 14:33:54",27.33
"2023-06-01 14:33:57",27.33
"2023-06-01 14:34:03",27.33
"2023-06-01 14:34:09",27.33
"2023-06-01 14:34:12",27.32
"2023-06-01 14:34:18",27.33
"2023-06-01 14:34:24",27.33
"2023-06-01 14:34:27",27.33
"2023-06-01 14:34:33",27.33
"2023-06-01 14:34:39",27.33
"2023-06-01 14:34:42",27.33
"2023-06-01 14:34:48",27.33
"2023-06-01 14:34:54",27.33
"2023-06-01 14:34:57",27.34
"2023-06-01 14:35:03",27.33
"2023-06-01 14:35:09",27.33
"2023-06-01 14:35:12",27.33
"2023-06-01 14:35:18",27.33
"2023-06-01 14:35:24",27.33
"2023-06-01 14:35:27",27.33
"2023-06-01 14:35:33",27.33
"2023-06-01 14:35:39",27.32
"2023-06-01 14:35:42",27.32
"2023-06-01 14:35:48",27.33
"2023-06-01 14:35:54",27.33
"2023-06-01 14:35:57",27.33
"2023-06-01 14:36:03",27.32
"2023-06-01 14:36:09",27.33
"2023-06-01 14:36:12",27.32
"2023-06-01 14:36:18",27.33
"2023-06-01 14:36:24",27.33
"2023-06-01 14:36:27",27.33
"2023-06-01 14:36:33",27.33
"2023-06-01 14:36:39",27.33
"2023-06-01 14:36:42",27.33
"2023-06-01 14:36:48",27.33
"2023-06-01 14:36:54",27.33
"2023-06-01 14:36:57",27.33
"2023-06-01 14:37:03",27.33
"2023-06-01 14:37:09",27.33
"2023-06-01 14:37:12",27.32
"2023-06-01 14:37:18",27.32
"2023-06-01 14:37:24",27.33
"2023-06-01 14:37:27",27.33
"2023-06-01 14:37:33",27.32
"2023-06-01 14:37:39",27.33
"2023-06-01 14:37:42",27.32
"2023-06-01 14:37:48",27.32
"2023-06-01 14:37:51",27.33
"2023-06-01 14:37:57",27.33
"2023-06-01 14:38:03",27.33
"2023-06-01 14:38:06",27.33
"2023-06-01 14:38:12",27.33
"2023-06-01 14:38:18",27.33
"2023-06-01 14:38:21",27.33
"2023-06-01 14:38:27",27.33
"2023-06-01 14:38:33",27.33
"2023-06-01 14:38:36",27.32
"2023-06-01 14:38:49",27.32
"2023-06-01 14:38:52",27.33
"2023-06-01 14:38:58",27.33
"2023-06-01 14:39:04",27.32
"2023-06-01 14:39:07",27.32
"2023-06-01 14:39:13",27.33
"2023-06-01 14:39:19",27.32
"2023-06-01 14:39:22",27.33
"2023-06-01 14:39:28",27.32
"2023-06-01 14:39:34",27.32
"2023-06-01 14:39:37",27.32
"2023-06-01 14:39:43",27.32
"2023-06-01 14:39:49",27.32
"2023-06-01 14:39:52",27.32
"2023-06-01 14:39:58",27.33
"2023-06-01 14:40:04",27.32
"2023-06-01 14:40:07",27.33
"2023-06-01 14:40:13",27.33
"2023-06-01 14:40:19",27.32
"2023-06-01 14:40:22",27.32
"2023-06-01 14:40:28",27.32
"2023-06-01 14:40:34",27.33
"2023-06-01 14:40:37",27.33
"2023-06-01 14:40:43",27.33
"2023-06-01 14:40:49",27.33
"2023-06-01 14:40:52",27.33
"2023-06-01 14:40:58",27.32
"2023-06-01 14:41:04",27.32
"2023-06-01 14:41:07",27.33
"2023-06-01 14:41:13",27.33
"2023-06-01 14:41:19",27.33
"2023-06-01 14:41:22",27.33
"2023-06-01 14:41:28",27.32
"2023-06-01 14:41:34",27.32
"2023-06-01 14:41:37",27.32
"2023-06-01 14:41:43",27.32
"2023-06-01 14:41:49",27.32
"2023-06-01 14:41:52",27.32
"2023-06-01 14:41:58",27.32
"2023-06-01 14:42:04",27.32
"2023-06-01 14:42:07",27.32
"2023-06-01 14:42:13",27.32
"2023-06-01 14:42:19",27.32
"2023-06-01 14:42:22",27.32
"2023-06-01 14:42:28",27.33
"2023-06-01 14:42:34",27.32
"2023-06-01 14:42:37",27.32
"2023-06-01 14:42:43",27.33
"2023-06-01 14:42:49",27.33
"2023-06-01 14:42:52",27.32
"2023-06-01 14:42:58",27.32
"2023-06-01 14:43:01",27.32
"2023-06-01 14:43:07",27.32
"2023-06-01 14:43:13",27.32
"2023-06-01 14:43:16",27.33
"2023-06-01 14:43:22",27.33
"2023-06-01 14:43:28",27.32
"2023-06-01 14:43:31",27.32
"2023-06-01 14:43:37",27.33
"2023-06-01 14:43:43",27.32
"2023-06-01 14:43:46",27.32
"2023-06-01 14:43:53",27.32
"2023-06-01 14:43:59",27.32
"2023-06-01 14:44:02",27.32
"2023-06-01 14:44:08",27.32
"2023-06-01 14:44:14",27.32
"2023-06-01 14:44:17",27.32
"2023-06-01 14:44:23",27.32
"2023-06-01 14:44:29",27.33
"2023-06-01 14:44:32",27.33
"2023-06-01 14:44:38",27.32
"2023-06-01 14:44:44",27.32
"2023-06-01 14:44:47",27.32
"2023-06-01 14:44:53",27.32
"2023-06-01 14:44:59",27.32
"2023-06-01 14:45:02",27.32
"2023-06-01 14:45:08",27.32
"2023-06-01 14:45:14",27.33
"2023-06-01 14:45:17",27.33
"2023-06-01 14:45:23",27.32
"2023-06-01 14:45:29",27.32
"2023-06-01 14:45:32",27.33
"2023-06-01 14:45:38",27.32
"2023-06-01 14:45:44",27.32
"2023-06-01 14:45:47",27.32
"2023-06-01 14:45:53",27.32
"2023-06-01 14:45:59",27.32
"2023-06-01 14:46:08",27.32
"2023-06-01 14:46:14",27.32
"2023-06-01 14:46:17",27.32
"2023-06-01 14:46:23",27.32
"2023-06-01 14:46:29",27.32
"2023-06-01 14:46:32",27.33
"2023-06-01 14:46:38",27.32
"2023-06-01 14:46:44",27.33
"2023-06-01 14:46:47",27.32
"2023-06-01 14:46:53",27.32
"2023-06-01 14:46:59",27.33
"2023-06-01 14:47:02",27.32
"2023-06-01 14:47:08",27.32
"2023-06-01 14:47:14",27.32
"2023-06-01 14:47:17",27.33
"2023-06-01 14:47:23",27.32
"2023-06-01 14:47:29",27.32
"2023-06-01 14:47:32",27.32
"2023-06-01 14:47:38",27.32
"2023-06-01 14:47:44",27.32
"2023-06-01 14:47:47",27.32
"2023-06-01 14:47:53",27.32
"2023-06-01 14:47:59",27.32
"2023-06-01 14:48:02",27.32
"2023-06-01 14:48:08",27.32
"2023-06-01 14:48:14",27.32
"2023-06-01 14:48:17",27.32
"2023-06-01 14:48:23",27.32
"2023-06-01 14:48:29",27.32
"2023-06-01 14:48:32",27.32
"2023-06-01 14:48:38",27.32
"2023-06-01 14:48:44",27.32
"2023-06-01 14:48:47",27.33
"2023-06-01 14:48:53",27.32
"2023-06-01 14:48:59",27.32
"2023-06-01 14:49:02",27.32
"2023-06-01 14:49:08",27.32
"2023-06-01 14:49:14",27.32
"2023-06-01 14:49:17",27.32
"2023-06-01 14:49:23",27.32
"2023-06-01 14:49:29",27.32
"2023-06-01 14:49:32",27.32
"2023-06-01 14:49:38",27.32
"2023-06-01 14:49:44",27.32
"2023-06-01 14:49:47",27.32
"2023-06-01 14:49:53",27.32
"2023-06-01 14:49:59",27.32
"2023-06-01 14:50:02",27.32
"2023-06-01 14:50:08",27.32
"2023-06-01 14:50:14",27.32
"2023-06-01 14:50:17",27.32
"2023-06-01 14:50:23",27.32
"2023-06-01 14:50:29",27.32
"2023-06-01 14:50:32",27.32
"2023-06-01 14:50:38",27.32
"2023-06-01 14:50:44",27.32
"2023-06-01 14:50:47",27.32
"2023-06-01 14:50:53",27.32
"2023-06-01 14:50:59",27.32
"2023-06-01 14:51:02",27.32
"2023-06-01 14:51:08",27.32
"2023-06-01 14:51:11",27.32
"2023-06-01 14:51:17",27.32
"2023-06-01 14:51:23",27.32
"2023-06-01 14:51:26",27.32
"2023-06-01 14:51:32",27.32
"2023-06-01 14:51:38",27.32
"2023-06-01 14:51:41",27.32
"2023-06-01 14:51:54",27.32
"2023-06-01 14:52:00",27.32
"2023-06-01 14:52:03",27.32
"2023-06-01 14:52:09",27.32
"2023-06-01 14:52:12",27.32
"2023-06-01 14:52:18",27.32
"2023-06-01 14:52:24",27.32
"2023-06-01 14:52:27",27.32
"2023-06-01 14:52:33",27.32
"2023-06-01 14:52:39",27.32
"2023-06-01 14:52:42",27.32
"2023-06-01 14:52:48",27.32
"2023-06-01 14:52:54",27.32
"2023-06-01 14:52:57",27.32
"2023-06-01 14:53:03",27.32
"2023-06-01 14:53:09",27.32
"2023-06-01 14:53:12",27.32
"2023-06-01 14:53:18",27.32
"2023-06-01 14:53:24",27.32
"2023-06-01 14:53:27",27.32
"2023-06-01 14:53:33",27.32
"2023-06-01 14:53:39",27.32
"2023-06-01 14:53:42",27.32
"2023-06-01 14:53:48",27.32
"2023-06-01 14:53:54",27.32
"2023-06-01 14:53:57",27.32
"2023-06-01 14:54:03",27.32
"2023-06-01 14:54:09",27.32
"2023-06-01 14:54:12",27.32
"2023-06-01 14:54:18",27.32
"2023-06-01 14:54:24",27.32
"2023-06-01 14:54:27",27.32
"2023-06-01 14:54:33",27.32
"2023-06-01 14:54:39",27.32
"2023-06-01 14:54:42",27.33
"2023-06-01 14:54:48",27.32
"2023-06-01 14:54:54",27.32
"2023-06-01 14:54:57",27.32
"2023-06-01 14:55:03",27.32
"2023-06-01 14:55:09",27.32
"2023-06-01 14:55:12",27.32
"2023-06-01 14:55:18",27.32
"2023-06-01 14:55:24",27.32
"2023-06-01 14:55:27",27.32
"2023-06-01 14:55:33",27.32
"2023-06-01 14:55:39",27.32
"2023-06-01 14:55:42",27.32
"2023-06-01 14:55:48",27.32
"2023-06-01 14:55:54",27.32
"2023-06-01 14:55:57",27.32
"2023-06-01 14:56:03",27.32
"2023-06-01 14:56:09",27.32
"2023-06-01 14:56:12",27.32
"2023-06-01 14:56:18",27.32
"2023-06-01 14:56:24",27.32
"2023-06-01 14:56:27",27.32
"2023-06-01 14:56:33",27.32
"2023-06-01 14:56:36",27.32
"2023-06-01 14:56:42",27.32
"2023-06-01 14:56:48",27.32
"2023-06-01 14:56:51",27.32
"2023-06-01 14:56:57",27.32
"2023-06-01 14:57:03",27.32
"2023-06-01 14:57:06",27.32
"2023-06-01 14:57:12",27.32
"2023-06-01 14:57:19",27.32
"2023-06-01 14:57:22",27.32
"2023-06-01 14:57:28",27.32
"2023-06-01 14:57:34",27.32
"2023-06-01 14:57:37",27.32
"2023-06-01 14:57:43",27.32
"2023-06-01 14:57:49",27.32
"2023-06-01 14:57:52",27.32
"2023-06-01 14:57:58",27.32
"2023-06-01 14:58:04",27.32
"2023-06-01 14:58:07",27.32
"2023-06-01 14:58:13",27.33
"2023-06-01 14:58:19",27.32
"2023-06-01 14:58:22",27.32
"2023-06-01 14:58:28",27.32
"2023-06-01 14:58:34",27.32
"2023-06-01 14:58:37",27.32
"2023-06-01 14:58:43",27.32
"2023-06-01 14:58:49",27.32
"2023-06-01 14:58:52",27.33
"2023-06-01 14:58:58",27.32
"2023-06-01 14:59:04",27.32
"2023-06-01 14:59:07",27.32
"2023-06-01 14:59:13",27.32
"2023-06-01 14:59:19",27.32
"2023-06-01 14:59:22",27.32
"2023-06-01 14:59:28",27.32
"2023-06-01 14:59:34",27.32
"2023-06-01 14:59:37",27.32
"2023-06-01 14:59:43",27.32
"2023-06-01 14:59:49",27.32
"2023-06-01 14:59:52",27.32
"2023-06-01 14:59:58",27.32
"2023-06-01 15:00:04",27.33
"2023-06-01 15:00:07",27.33
"2023-06-01 15:00:13",27.32
"2023-06-01 15:00:19",27.32
"2023-06-01 15:00:22",27.32
"2023-06-01 15:00:28",27.32
"2023-06-01 15:00:34",27.32
"2023-06-01 15:00:37",27.32
"2023-06-01 15:00:43",27.32
"2023-06-01 15:00:49",27.32
"2023-06-01 15:00:52",27.32
"2023-06-01 15:00:58",27.32
"2023-06-01 15:01:04",27.32
"2023-06-01 15:01:07",27.32
"2023-06-01 15:01:13",27.32
"2023-06-01 15:01:19",27.32
"2023-06-01 15:01:22",27.32
"2023-06-01 15:01:28",27.32
"2023-06-01 15:01:34",27.32
"2023-06-01 15:01:37",27.32
"2023-06-01 15:01:49",27.32
"2023-06-01 15:01:52",27.32
"2023-06-01 15:01:58",27.32
"2023-06-01 15:02:01",27.32
"2023-06-01 15:02:07",27.32
"2023-06-01 15:02:13",27.32
"2023-06-01 15:02:16",27.32
"2023-06-01 15:02:23",27.32
"2023-06-01 15:02:29",27.32
"2023-06-01 15:02:32",27.32
"2023-06-01 15:02:38",27.32
"2023-06-01 15:02:44",27.32
"2023-06-01 15:02:47",27.32
"2023-06-01 15:02:53",27.32
"2023-06-01 15:02:59",27.32
"2023-06-01 15:03:02",27.32
"2023-06-01 15:03:08",27.32
"2023-06-01 15:03:14",27.32
"2023-06-01 15:03:17",27.32
"2023-06-01 15:03:23",27.32
"2023-06-01 15:03:29",27.32
"2023-06-01 15:03:32",27.32
"2023-06-01 15:03:38",27.32
"2023-06-01 15:03:44",27.32
"2023-06-01 15:03:47",27.32
"2023-06-01 15:03:53",27.32
"2023-06-01 15:03:59",27.32
"2023-06-01 15:04:02",27.32
"2023-06-01 15:04:08",27.32
"2023-06-01 15:04:14",27.32
"2023-06-01 15:04:17",27.32
"2023-06-01 15:04:23",27.32
"2023-06-01 15:04:29",27.32
"2023-06-01 15:04:32",27.32
"2023-06-01 15:04:38",27.32
"2023-06-01 15:04:44",27.32
"2023-06-01 15:04:47",27.32
"2023-06-01 15:04:53",27.32
"2023-06-01 15:04:59",27.32
"2023-06-01 15:05:02",27.32
"2023-06-01 15:05:08",27.33
"2023-06-01 15:05:14",27.33
"2023-06-01 15:05:17",27.32
"2023-06-01 15:05:23",27.32
"2023-06-01 15:05:29",27.32
"2023-06-01 15:05:32",27.32
"2023-06-01 15:05:38",27.32
"2023-06-01 15:05:44",27.32
"2023-06-01 15:05:47",27.32
"2023-06-01 15:05:53",27.32
"2023-06-01 15:05:59",27.32
"2023-06-01 15:06:02",27.32
"2023-06-01 15:06:08",27.32
"2023-06-01 15:06:14",27.32
"2023-06-01 15:06:17",27.32
"2023-06-01 15:06:23",27.32
"2023-06-01 15:06:29",27.32
"2023-06-01 15:06:32",27.32
"2023-06-01 15:06:38",27.32
"2023-06-01 15:06:44",27.32
"2023-06-01 15:06:47",27.32
"2023-06-01 15:06:53",27.32
"2023-06-01 15:06:59",27.32
"2023-06-01 15:07:02",27.32
"2023-06-01 15:07:08",27.32
"2023-06-01 15:07:14",27.32
"2023-06-01 15:07:17",27.32
"2023-06-01 15:07:23",27.32
"2023-06-01 15:07:29",27.32
"2023-06-01 15:07:32",27.32
"2023-06-01 15:07:38",27.32
"2023-06-01 15:07:44",27.32
"2023-06-01 15:07:47",27.32
"2023-06-01 15:07:53",27.32
"2023-06-01 15:08:02",27.32
"2023-06-01 15:08:08",27.32
"2023-06-01 15:08:14",27.32
"2023-06-01 15:08:17",27.32
"2023-06-01 15:08:23",27.32
"2023-06-01 15:08:29",27.32
"2023-06-01 15:08:32",27.32
"2023-06-01 15:08:38",27.32
"2023-06-01 15:08:41",27.32
"2023-06-01 15:08:47",27.32
"2023-06-01 15:08:53",27.32
"2023-06-01 15:08:56",27.32
"2023-06-01 15:09:02",27.32
"2023-06-01 15:09:08",27.32
"2023-06-01 15:09:11",27.32
"2023-06-01 15:09:18",27.32
"2023-06-01 15:09:24",27.32
"2023-06-01 15:09:27",27.32
"2023-06-01 15:09:33",27.32
"2023-06-01 15:09:39",27.31
"2023-06-01 15:09:42",27.31
"2023-06-01 15:09:48",27.32
"2023-06-01 15:09:54",27.32
"2023-06-01 15:09:57",27.32
"2023-06-01 15:10:03",27.32
"2023-06-01 15:10:09",27.32
"2023-06-01 15:10:12",27.32
"2023-06-01 15:10:18",27.32
"2023-06-01 15:10:24",27.32
"2023-06-01 15:10:27",27.32
"2023-06-01 15:10:33",27.32
"2023-06-01 15:10:39",27.32
"2023-06-01 15:10:42",27.32
"2023-06-01 15:10:48",27.32
"2023-06-01 15:10:54",27.32
"2023-06-01 15:10:57",27.32
"2023-06-01 15:11:03",27.32
"2023-06-01 15:11:09",27.32
"2023-06-01 15:11:12",27.32
"2023-06-01 15:11:18",27.32
"2023-06-01 15:11:24",27.32
"2023-06-01 15:11:27",27.32
"2023-06-01 15:11:33",27.32
"2023-06-01 15:11:39",27.32
"2023-06-01 15:11:42",27.32
"2023-06-01 15:11:48",27.32
"2023-06-01 15:11:54",27.32
"2023-06-01 15:11:57",27.32
"2023-06-01 15:12:03",27.32
"2023-06-01 15:12:09",27.32
"2023-06-01 15:12:12",27.32
"2023-06-01 15:12:18",27.32
"2023-06-01 15:12:24",27.32
"2023-06-01 15:12:27",27.32
"2023-06-01 15:12:33",27.32
"2023-06-01 15:12:39",27.32
"2023-06-01 15:12:42",27.32
"2023-06-01 15:12:48",27.32
"2023-06-01 15:12:54",27.32
"2023-06-01 15:12:57",27.32
"2023-06-01 15:13:03",27.32
"2023-06-01 15:13:09",27.32
"2023-06-01 15:13:12",27.32
"2023-06-01 15:13:18",27.32
"2023-06-01 15:13:24",27.32
"2023-06-01 15:13:33",27.32
"2023-06-01 15:13:39",27.32
"2023-06-01 15:13:42",27.32
"2023-06-01 15:13:48",27.32
"2023-06-01 15:13:54",27.32
"2023-06-01 15:13:57",27.32
"2023-06-01 15:14:03",27.32
"2023-06-01 15:14:09",27.32
"2023-06-01 15:14:12",27.32
"2023-06-01 15:14:18",27.32
"2023-06-01 15:14:24",27.32
"2023-06-01 15:14:27",27.32
"2023-06-01 15:14:33",27.32
"2023-06-01 15:14:39",27.32
"2023-06-01 15:14:42",27.32
"2023-06-01 15:14:48",27.32
"2023-06-01 15:14:54",27.32
"2023-06-01 15:14:57",27.32
"2023-06-01 15:15:03",27.32
"2023-06-01 15:15:09",27.32
"2023-06-01 15:15:12",27.32
"2023-06-01 15:15:18",27.31
"2023-06-01 15:15:24",27.32
"2023-06-01 15:15:27",27.32
"2023-06-01 15:15:33",27.32
"2023-06-01 15:15:39",27.32
"2023-06-01 15:15:42",27.32
"2023-06-01 15:15:48",27.32
"2023-06-01 15:15:54",27.32
"2023-06-01 15:15:57",27.32
"2023-06-01 15:16:03",27.32
"2023-06-01 15:16:09",27.32
"2023-06-01 15:16:12",27.32
"2023-06-01 15:16:18",27.32
"2023-06-01 15:16:24",27.32
"2023-06-01 15:16:27",27.32
"2023-06-01 15:16:33",27.32
"2023-06-01 15:16:36",27.32
"2023-06-01 15:16:42",27.32
"2023-06-01 15:16:48",27.32
"2023-06-01 15:16:51",27.32
"2023-06-01 15:16:58",27.32
"2023-06-01 15:17:04",27.32
"2023-06-01 15:17:13",27.32
"2023-06-01 15:17:19",27.32
"2023-06-01 15:17:22",27.32
"2023-06-01 15:17:28",27.32
"2023-06-01 15:17:34",27.32
"2023-06-01 15:17:37",27.32
"2023-06-01 15:17:43",27.32
"2023-06-01 15:17:49",27.32
"2023-06-01 15:17:52",27.32
"2023-06-01 15:17:58",27.32
"2023-06-01 15:18:04",27.32
"2023-06-01 15:18:07",27.32
"2023-06-01 15:18:13",27.32
"2023-06-01 15:18:19",27.32
"2023-06-01 15:18:22",27.32
"2023-06-01 15:18:28",27.32
"2023-06-01 15:18:34",27.32
"2023-06-01 15:18:37",27.32
"2023-06-01 15:18:43",27.32
"2023-06-01 15:18:49",27.32
"2023-06-01 15:18:52",27.32
"2023-06-01 15:18:58",27.32
"2023-06-01 15:19:04",27.32
"2023-06-01 15:19:07",27.32
"2023-06-01 15:19:13",27.32
"2023-06-01 15:19:19",27.32
"2023-06-01 15:19:22",27.32
"2023-06-01 15:19:28",27.32
"2023-06-01 15:19:34",27.32
"2023-06-01 15:19:37",27.32
"2023-06-01 15:19:43",27.32
"2023-06-01 15:19:49",27.32
"2023-06-01 15:19:52",27.32
"2023-06-01 15:19:58",27.32
"2023-06-01 15:20:04",27.32
"2023-06-01 15:20:07",27.32
"2023-06-01 15:20:13",27.32
"2023-06-01 15:20:19",27.32
"2023-06-01 15:20:22",27.32
"2023-06-01 15:20:28",27.32
"2023-06-01 15:20:34",27.32
"2023-06-01 15:20:37",27.32
"2023-06-01 15:20:43",27.32
"2023-06-01 15:20:49",27.32
"2023-06-01 15:20:52",27.32
"2023-06-01 15:20:58",27.32
"2023-06-01 15:21:04",27.32
"2023-06-01 15:21:07",27.32
"2023-06-01 15:21:13",27.32
"2023-06-01 15:21:19",27.32
"2023-06-01 15:21:22",27.32
"2023-06-01 15:21:28",27.32
"2023-06-01 15:21:34",27.32
"2023-06-01 15:21:37",27.32
"2023-06-01 15:21:43",27.32
"2023-06-01 15:21:49",27.32
"2023-06-01 15:21:52",27.31
"2023-06-01 15:21:58",27.32
"2023-06-01 15:22:04",27.32
"2023-06-01 15:22:07",27.32
"2023-06-01 15:22:13",27.32
"2023-06-01 15:22:19",27.32
"2023-06-01 15:22:23",27.32
"2023-06-01 15:22:29",27.32
"2023-06-01 15:22:32",27.32
"2023-06-01 15:22:38",27.32
"2023-06-01 15:22:44",27.32
"2023-06-01 15:22:47",27.32
"2023-06-01 15:22:53",27.32
"2023-06-01 15:22:59",27.32
"2023-06-01 15:23:02",27.32
"2023-06-01 15:23:08",27.32
"2023-06-01 15:23:14",27.32
"2023-06-01 15:23:17",27.32
"2023-06-01 15:23:23",27.32
"2023-06-01 15:23:29",27.32
"2023-06-01 15:23:32",27.32
"2023-06-01 15:23:38",27.32
"2023-06-01 15:23:44",27.32
"2023-06-01 15:23:47",27.32
"2023-06-01 15:23:53",27.32
"2023-06-01 15:23:59",27.32
"2023-06-01 15:24:02",27.32
"2023-06-01 15:24:08",27.32
"2023-06-01 15:24:14",27.32
"2023-06-01 15:24:17",27.32
"2023-06-01 15:24:23",27.32
"2023-06-01 15:24:29",27.32
"2023-06-01 15:24:32",27.32
"2023-06-01 15:24:38",27.32
"2023-06-01 15:24:44",27.32
"2023-06-01 15:24:47",27.32
"2023-06-01 15:24:53",27.32
"2023-06-01 15:24:59",27.32
"2023-06-01 15:25:02",27.32
"2023-06-01 15:25:08",27.32
"2023-06-01 15:25:14",27.32
"2023-06-01 15:25:17",27.32
"2023-06-01 15:25:23",27.32
"2023-06-01 15:25:29",27.32
"2023-06-01 15:25:32",27.32
"2023-06-01 15:25:38",27.32
"2023-06-01 15:25:44",27.32
"2023-06-01 15:25:47",27.32
"2023-06-01 15:25:53",27.32
"2023-06-01 15:25:59",27.32
"2023-06-01 15:26:02",27.32
"2023-06-01 15:26:08",27.32
"2023-06-01 15:26:14",27.32
"2023-06-01 15:26:17",27.32
"2023-06-01 15:26:23",27.32
"2023-06-01 15:26:29",27.32
"2023-06-01 15:26:32",27.32
"2023-06-01 15:26:38",27.32
"2023-06-01 15:26:44",27.32
"2023-06-01 15:26:47",27.32
"2023-06-01 15:26:53",27.32
"2023-06-01 15:26:59",27.32
"2023-06-01 15:27:02",27.32
"2023-06-01 15:27:08",27.32
"2023-06-01 15:27:14",27.32
"2023-06-01 15:27:17",27.32
"2023-06-01 15:27:23",27.32
"2023-06-01 15:27:29",27.32
"2023-06-01 15:27:32",27.32
"2023-06-01 15:27:38",27.32
"2023-06-01 15:27:44",27.32
"2023-06-01 15:27:47",27.32
"2023-06-01 15:27:53",27.32
"2023-06-01 15:27:59",27.32
"2023-06-01 15:28:02",27.32
"2023-06-01 15:28:08",27.32
"2023-06-01 15:28:11",27.31
"2023-06-01 15:28:17",27.32
"2023-06-01 15:28:24",27.32
"2023-06-01 15:28:27",27.32
"2023-06-01 15:28:33",27.32
"2023-06-01 15:28:39",27.32
"2023-06-01 15:28:42",27.32
"2023-06-01 15:28:48",27.32
"2023-06-01 15:28:54",27.32
"2023-06-01 15:28:57",27.32
"2023-06-01 15:29:03",27.32
"2023-06-01 15:29:09",27.32
"2023-06-01 15:29:12",27.32
"2023-06-01 15:29:18",27.32
"2023-06-01 15:29:24",27.32
"2023-06-01 15:29:27",27.32
"2023-06-01 15:29:33",27.32
"2023-06-01 15:29:39",27.32
"2023-06-01 15:29:42",27.32
"2023-06-01 15:29:48",27.32
"2023-06-01 15:29:54",27.32
"2023-06-01 15:29:57",27.32
"2023-06-01 15:30:03",27.32
"2023-06-01 15:30:09",27.32
"2023-06-01 15:30:12",27.32
"2023-06-01 15:30:18",27.32
"2023-06-01 15:30:24",27.32
"2023-06-01 15:30:27",27.32
"2023-06-01 15:30:33",27.32
"2023-06-01 15:30:39",27.32
"2023-06-01 15:30:42",27.32
"2023-06-01 15:30:48",27.32
"2023-06-01 15:30:54",27.32
"2023-06-01 15:30:57",27.32
"2023-06-01 15:31:03",27.32
"2023-06-01 15:31:09",27.32
"2023-06-01 15:31:12",27.32
"2023-06-01 15:31:18",27.32
"2023-06-01 15:31:24",27.32
"2023-06-01 15:31:27",27.32
"2023-06-01 15:31:33",27.32
"2023-06-01 15:31:39",27.32
"2023-06-01 15:31:42",27.32
"2023-06-01 15:31:48",27.32
"2023-06-01 15:31:54",27.32
"2023-06-01 15:31:57",27.32
"2023-06-01 15:32:03",27.32
"2023-06-01 15:32:09",27.32
"2023-06-01 15:32:12",27.32
"2023-06-01 15:32:18",27.32
"2023-06-01 15:32:24",27.32
"2023-06-01 15:32:27",27.32
"2023-06-01 15:32:33",27.32
"2023-06-01 15:32:39",27.32
"2023-06-01 15:32:42",27.32
"2023-06-01 15:32:48",27.32
"2023-06-01 15:32:54",27.32
"2023-06-01 15:32:57",27.32
"2023-06-01 15:33:03",27.32
"2023-06-01 15:33:09",27.32
"2023-06-01 15:33:12",27.32
"2023-06-01 15:33:18",27.32
"2023-06-01 15:33:24",27.32
"2023-06-01 15:33:27",27.32
"2023-06-01 15:33:33",27.32
"2023-06-01 15:33:39",27.32
"2023-06-01 15:33:42",27.32
"2023-06-01 15:33:48",27.32
"2023-06-01 15:33:54",27.32
"2023-06-01 15:33:57",27.32
"2023-06-01 15:34:03",27.32
"2023-06-01 15:34:09",27.32
"2023-06-01 15:34:12",27.32
"2023-06-01 15:34:18",27.32
"2023-06-01 15:34:24",27.32
"2023-06-01 15:34:27",27.32
"2023-06-01 15:34:33",27.32
"2023-06-01 15:34:39",27.32
"2023-06-01 15:34:42",27.32
"2023-06-01 15:34:48",27.32
"2023-06-01 15:34:54",27.32
"2023-06-01 15:34:57",27.32
"2023-06-01 15:35:04",27.32
"2023-06-01 15:35:07",27.32
"2023-06-01 15:35:13",27.32
"2023-06-01 15:35:19",27.32
"2023-06-01 15:35:22",27.32
"2023-06-01 15:35:28",27.32
"2023-06-01 15:35:34",27.32
"2023-06-01 15:35:37",27.32
"2023-06-01 15:35:43",27.32
"2023-06-01 15:35:49",27.32
"2023-06-01 15:35:52",27.32
"2023-06-01 15:35:58",27.32
"2023-06-01 15:36:04",27.32
"2023-06-01 15:36:07",27.32
"2023-06-01 15:36:13",27.32
"2023-06-01 15:36:19",27.32
"2023-06-01 15:36:22",27.33
"2023-06-01 15:36:28",27.32
"2023-06-01 15:36:34",27.32
"2023-06-01 15:36:37",27.32
"2023-06-01 15:36:43",27.32
"2023-06-01 15:36:49",27.32
"2023-06-01 15:36:52",27.32
"2023-06-01 15:36:58",27.32
"2023-06-01 15:37:04",27.32
"2023-06-01 15:37:07",27.32
"2023-06-01 15:37:13",27.32
"2023-06-01 15:37:19",27.32
"2023-06-01 15:37:22",27.32
"2023-06-01 15:37:28",27.32
"2023-06-01 15:37:34",27.32
"2023-06-01 15:37:37",27.32
"2023-06-01 15:37:43",27.32
"2023-06-01 15:37:49",27.32
"2023-06-01 15:37:52",27.32
"2023-06-01 15:37:58",27.32
"2023-06-01 15:38:04",27.32
"2023-06-01 15:38:07",27.32
"2023-06-01 15:38:13",27.32
"2023-06-01 15:38:19",27.32
"2023-06-01 15:38:22",27.32
"2023-06-01 15:38:28",27.32
"2023-06-01 15:38:34",27.32
"2023-06-01 15:38:37",27.32
"2023-06-01 15:38:43",27.32
"2023-06-01 15:38:49",27.32
"2023-06-01 15:38:52",27.32
"2023-06-01 15:38:58",27.32
"2023-06-01 15:39:04",27.32
"2023-06-01 15:39:07",27.32
"2023-06-01 15:39:13",27.32
"2023-06-01 15:39:19",27.32
"2023-06-01 15:39:22",27.32
"2023-06-01 15:39:28",27.32
"2023-06-01 15:39:34",27.32
"2023-06-01 15:39:37",27.32
"2023-06-01 15:39:43",27.32
"2023-06-01 15:39:49",27.32
"2023-06-01 15:39:52",27.32
"2023-06-01 15:39:58",27.32
"2023-06-01 15:40:04",27.32
"2023-06-01 15:40:07",27.32
"2023-06-01 15:40:13",27.32
"2023-06-01 15:40:19",27.32
"2023-06-01 15:40:22",27.32
"2023-06-01 15:40:28",27.32
"2023-06-01 15:40:34",27.32
"2023-06-01 15:40:37",27.32
"2023-06-01 15:40:43",27.32
"2023-06-01 15:40:49",27.32
"2023-06-01 15:40:52",27.32
"2023-06-01 15:40:58",27.32
"2023-06-01 15:41:04",27.32
"2023-06-01 15:41:07",27.32
"2023-06-01 15:41:13",27.32
"2023-06-01 15:41:19",27.32
"2023-06-01 15:41:22",27.32
"2023-06-01 15:41:28",27.32
"2023-06-01 15:41:32",27.32
"2023-06-01 15:41:38",27.32
"2023-06-01 15:41:44",27.32
"2023-06-01 15:41:50",27.32
"2023-06-01 15:41:53",27.32
"2023-06-01 15:41:59",27.32
"2023-06-01 15:42:02",27.32
"2023-06-01 15:42:08",27.32
"2023-06-01 15:42:14",27.32
"2023-06-01 15:42:17",27.32
"2023-06-01 15:42:23",27.32
"2023-06-01 15:42:29",27.32
"2023-06-01 15:42:32",27.32
"2023-06-01 15:42:38",27.32
"2023-06-01 15:42:44",27.32
"2023-06-01 15:42:47",27.32
"2023-06-01 15:42:53",27.32
"2023-06-01 15:42:59",27.32
"2023-06-01 15:43:02",27.32
"2023-06-01 15:43:08",27.32
"2023-06-01 15:43:14",27.32
"2023-06-01 15:43:17",27.32
"2023-06-01 15:43:23",27.32
"2023-06-01 15:43:29",27.32
"2023-06-01 15:43:32",27.32
"2023-06-01 15:43:38",27.32
"2023-06-01 15:43:44",27.32
"2023-06-01 15:43:47",27.32
"2023-06-01 15:43:53",27.32
"2023-06-01 15:43:59",27.32
"2023-06-01 15:44:02",27.32
"2023-06-01 15:44:08",27.32
"2023-06-01 15:44:14",27.32
"2023-06-01 15:44:17",27.32
"2023-06-01 15:44:23",27.32
"2023-06-01 15:44:29",27.32
"2023-06-01 15:44:32",27.32
"2023-06-01 15:44:38",27.32
"2023-06-01 15:44:44",27.32
"2023-06-01 15:44:47",27.32
"2023-06-01 15:44:53",27.32
"2023-06-01 15:44:59",27.32
"2023-06-01 15:45:02",27.32
"2023-06-01 15:45:08",27.32
"2023-06-01 15:45:14",27.32
"2023-06-01 15:45:17",27.32
"2023-06-01 15:45:23",27.32
"2023-06-01 15:45:29",27.32
"2023-06-01 15:45:32",27.32
"2023-06-01 15:45:38",27.32
"2023-06-01 15:45:44",27.32
"2023-06-01 15:45:47",27.32
"2023-06-01 15:45:53",27.32
"2023-06-01 15:45:59",27.32
"2023-06-01 15:46:02",27.32
"2023-06-01 15:46:08",27.32
"2023-06-01 15:46:14",27.32
"2023-06-01 15:46:17",27.32
"2023-06-01 15:46:23",27.32
"2023-06-01 15:46:29",27.32
"2023-06-01 15:46:32",27.32
"2023-06-01 15:46:38",27.32
"2023-06-01 15:46:44",27.32
"2023-06-01 15:46:47",27.32
"2023-06-01 15:46:53",27.32
"2023-06-01 15:46:59",27.32
"2023-06-01 15:47:02",27.32
"2023-06-01 15:47:08",27.32
"2023-06-01 15:47:14",27.32
"2023-06-01 15:47:17",27.32
"2023-06-01 15:47:23",27.32
"2023-06-01 15:47:29",27.32
"2023-06-01 15:47:32",27.32
"2023-06-01 15:47:38",27.32
"2023-06-01 15:47:44",27.32
"2023-06-01 15:47:47",27.32
"2023-06-01 15:47:54",27.32
"2023-06-01 15:48:00",27.32
"2023-06-01 15:48:03",27.32
"2023-06-01 15:48:09",27.32
"2023-06-01 15:48:15",27.32
"2023-06-01 15:48:18",27.32
"2023-06-01 15:48:24",27.32
"2023-06-01 15:48:27",27.32
"2023-06-01 15:48:33",27.32
"2023-06-01 15:48:39",27.32
"2023-06-01 15:48:42",27.32
"2023-06-01 15:48:48",27.32
"2023-06-01 15:48:54",27.32
"2023-06-01 15:48:57",27.32
"2023-06-01 15:49:03",27.32
"2023-06-01 15:49:09",27.32
"2023-06-01 15:49:12",27.32
"2023-06-01 15:49:18",27.32
"2023-06-01 15:49:24",27.32
"2023-06-01 15:49:27",27.32
"2023-06-01 15:49:33",27.32
"2023-06-01 15:49:39",27.32
"2023-06-01 15:49:42",27.32
"2023-06-01 15:49:48",27.32
"2023-06-01 15:49:54",27.32
"2023-06-01 15:49:57",27.32
"2023-06-01 15:50:03",27.32
"2023-06-01 15:50:09",27.32
"2023-06-01 15:50:12",27.32
"2023-06-01 15:50:18",27.32
"2023-06-01 15:50:24",27.32
"2023-06-01 15:50:27",27.32
"2023-06-01 15:50:33",27.32
"2023-06-01 15:50:39",27.32
"2023-06-01 15:50:42",27.32
"2023-06-01 15:50:48",27.32
"2023-06-01 15:50:54",27.32
"2023-06-01 15:50:57",27.32
"2023-06-01 15:51:03",27.32
"2023-06-01 15:51:09",27.32
"2023-06-01 15:51:12",27.32
"2023-06-01 15:51:18",27.32
"2023-06-01 15:51:24",27.32
"2023-06-01 15:51:27",27.32
"2023-06-01 15:51:33",27.32
"2023-06-01 15:51:39",27.32
"2023-06-01 15:51:48",27.32
"2023-06-01 15:51:54",27.32
"2023-06-01 15:51:57",27.32
"2023-06-01 15:52:03",27.32
"2023-06-01 15:52:09",27.32
"2023-06-01 15:52:12",27.33
"2023-06-01 15:52:18",27.32
"2023-06-01 15:52:24",27.32
"2023-06-01 15:52:27",27.32
"2023-06-01 15:52:33",27.32
"2023-06-01 15:52:39",27.32
"2023-06-01 15:52:42",27.32
"2023-06-01 15:52:48",27.32
"2023-06-01 15:52:54",27.32
"2023-06-01 15:52:57",27.32
"2023-06-01 15:53:03",27.32
"2023-06-01 15:53:09",27.32
"2023-06-01 15:53:12",27.32
"2023-06-01 15:53:18",27.33
"2023-06-01 15:53:24",27.32
"2023-06-01 15:53:27",27.32
"2023-06-01 15:53:33",27.33
"2023-06-01 15:53:39",27.32
"2023-06-01 15:53:42",27.32
"2023-06-01 15:53:48",27.32
"2023-06-01 15:53:54",27.32
"2023-06-01 15:53:57",27.32
"2023-06-01 15:54:03",27.32
"2023-06-01 15:54:09",27.32
"2023-06-01 15:54:12",27.32
"2023-06-01 15:54:18",27.32
"2023-06-01 15:54:24",27.32
"2023-06-01 15:54:27",27.32
"2023-06-01 15:54:33",27.32
"2023-06-01 15:54:39",27.32
"2023-06-01 15:54:42",27.32
"2023-06-01 15:54:48",27.32
"2023-06-01 15:54:54",27.32
"2023-06-01 15:54:57",27.32
"2023-06-01 15:55:03",27.32
"2023-06-01 15:55:09",27.32
"2023-06-01 15:55:12",27.32
"2023-06-01 15:55:18",27.33
"2023-06-01 15:55:24",27.33
"2023-06-01 15:55:27",27.32
"2023-06-01 15:55:33",27.33
"2023-06-01 15:55:39",27.32
"2023-06-01 15:55:42",27.32
"2023-06-01 15:55:48",27.32
"2023-06-01 15:55:54",27.33
"2023-06-01 15:55:57",27.32
"2023-06-01 15:56:04",27.32
"2023-06-01 15:56:10",27.32
"2023-06-01 15:56:19",27.32
"2023-06-01 15:56:25",27.32
"2023-06-01 15:56:28",27.32
"2023-06-01 15:56:34",27.33
"2023-06-01 15:56:37",27.32
"2023-06-01 15:56:43",27.32
"2023-06-01 15:56:49",27.33
"2023-06-01 15:56:52",27.32
"2023-06-01 15:56:58",27.33
"2023-06-01 15:57:04",27.33
"2023-06-01 15:57:07",27.32
"2023-06-01 15:57:13",27.32
"2023-06-01 15:57:19",27.32
"2023-06-01 15:57:22",27.33
"2023-06-01 15:57:28",27.33
"2023-06-01 15:57:34",27.33
"2023-06-01 15:57:37",27.33
"2023-06-01 15:57:43",27.32
"2023-06-01 15:57:49",27.32
"2023-06-01 15:57:52",27.33
"2023-06-01 15:57:58",27.33
"2023-06-01 15:58:04",27.32
"2023-06-01 15:58:07",27.33
"2023-06-01 15:58:13",27.33
"2023-06-01 15:58:19",27.32
"2023-06-01 15:58:22",27.32
"2023-06-01 15:58:28",27.32
"2023-06-01 15:58:34",27.32
"2023-06-01 15:58:37",27.33
"2023-06-01 15:58:43",27.33
"2023-06-01 15:58:49",27.33
"2023-06-01 15:58:52",27.32
"2023-06-01 15:58:58",27.32
"2023-06-01 15:59:04",27.32
"2023-06-01 15:59:07",27.32
"2023-06-01 15:59:13",27.32
"2023-06-01 15:59:19",27.32
"2023-06-01 15:59:22",27.32
"2023-06-01 15:59:28",27.32
"2023-06-01 15:59:34",27.32
"2023-06-01 15:59:37",27.32
"2023-06-01 15:59:43",27.33
"2023-06-01 15:59:49",27.32
"2023-06-01 15:59:52",27.33
"2023-06-01 15:59:58",27.32
"2023-06-01 16:00:04",27.32
"2023-06-01 16:00:07",27.33
"2023-06-01 16:00:13",27.32
"2023-06-01 16:00:19",27.32
"2023-06-01 16:00:22",27.32
"2023-06-01 16:00:28",27.32
"2023-06-01 16:00:34",27.32
"2023-06-01 16:00:37",27.32
"2023-06-01 16:00:43",27.32
"2023-06-01 16:00:49",27.33
"2023-06-01 16:00:52",27.33
"2023-06-01 16:00:58",27.32
"2023-06-01 16:01:04",27.32
"2023-06-01 16:01:07",27.33
"2023-06-01 16:01:13",27.33
"2023-06-01 16:01:19",27.32
"2023-06-01 16:01:22",27.33
"2023-06-01 16:01:28",27.33
"2023-06-01 16:01:34",27.33
"2023-06-01 16:01:37",27.33
"2023-06-01 16:01:43",27.33
"2023-06-01 16:01:49",27.32
"2023-06-01 16:01:52",27.32
"2023-06-01 16:01:58",27.33
"2023-06-01 16:02:04",27.32
"2023-06-01 16:02:07",27.32
"2023-06-01 16:02:13",27.32
"2023-06-01 16:02:19",27.32
"2023-06-01 16:02:22",27.32
"2023-06-01 16:02:28",27.32
"2023-06-01 16:02:34",27.32
"2023-06-01 16:02:37",27.32
"2023-06-01 16:02:43",27.32
"2023-06-01 16:02:49",27.32
"2023-06-01 16:02:52",27.32
"2023-06-01 16:02:58",27.33
"2023-06-01 16:03:04",27.33
"2023-06-01 16:03:07",27.33
"2023-06-01 16:03:13",27.33
"2023-06-01 16:03:19",27.33
"2023-06-01 16:03:22",27.32
"2023-06-01 16:03:28",27.32
"2023-06-01 16:03:34",27.33
"2023-06-01 16:03:37",27.32
"2023-06-01 16:03:43",27.33
"2023-06-01 16:03:49",27.33
"2023-06-01 16:03:52",27.33
"2023-06-01 16:03:59",27.33
"2023-06-01 16:04:05",27.33
"2023-06-01 16:04:08",27.33
"2023-06-01 16:04:14",27.33
"2023-06-01 16:04:20",27.33
"2023-06-01 16:04:23",27.32
"2023-06-01 16:04:29",27.32
"2023-06-01 16:04:32",27.33
"2023-06-01 16:04:38",27.33
"2023-06-01 16:04:44",27.32
"2023-06-01 16:04:50",27.32
"2023-06-01 16:04:53",27.33
"2023-06-01 16:04:59",27.32
"2023-06-01 16:05:02",27.33
"2023-06-01 16:05:08",27.33
"2023-06-01 16:05:14",27.32
"2023-06-01 16:05:17",27.32
"2023-06-01 16:05:23",27.34
"2023-06-01 16:05:29",27.32
"2023-06-01 16:05:32",27.33
"2023-06-01 16:05:38",27.33
"2023-06-01 16:05:44",27.33
"2023-06-01 16:05:47",27.33
"2023-06-01 16:05:53",27.33
"2023-06-01 16:05:59",27.32
"2023-06-01 16:06:02",27.33
"2023-06-01 16:06:08",27.33
"2023-06-01 16:06:14",27.33
"2023-06-01 16:06:17",27.33
"2023-06-01 16:06:23",27.33
"2023-06-01 16:06:29",27.33
"2023-06-01 16:06:32",27.33
"2023-06-01 16:06:38",27.33
"2023-06-01 16:06:44",27.33
"2023-06-01 16:06:53",27.33
"2023-06-01 16:06:59",27.33
"2023-06-01 16:07:02",27.33
"2023-06-01 16:07:08",27.33
"2023-06-01 16:07:14",27.33
"2023-06-01 16:07:17",27.33
"2023-06-01 16:07:23",27.33
"2023-06-01 16:07:29",27.33
"2023-06-01 16:07:32",27.34
"2023-06-01 16:07:38",27.32
"2023-06-01 16:07:44",27.33
"2023-06-01 16:07:47",27.33
"2023-06-01 16:07:53",27.33
"2023-06-01 16:07:59",27.33
"2023-06-01 16:08:02",27.33
"2023-06-01 16:08:08",27.33
"2023-06-01 16:08:14",27.33
"2023-06-01 16:08:17",27.33
"2023-06-01 16:08:23",27.33
"2023-06-01 16:08:29",27.33
"2023-06-01 16:08:32",27.33
"2023-06-01 16:08:38",27.33
"2023-06-01 16:08:44",27.33
"2023-06-01 16:08:47",27.33
"2023-06-01 16:08:53",27.33
"2023-06-01 16:08:59",27.33
"2023-06-01 16:09:02",27.33
"2023-06-01 16:09:08",27.33
"2023-06-01 16:09:14",27.32
"2023-06-01 16:09:17",27.33
"2023-06-01 16:09:23",27.33
"2023-06-01 16:09:29",27.33
"2023-06-01 16:09:32",27.33
"2023-06-01 16:09:38",27.33
"2023-06-01 16:09:44",27.33
"2023-06-01 16:09:47",27.33
"2023-06-01 16:09:53",27.33
"2023-06-01 16:09:59",27.32
"2023-06-01 16:10:02",27.33
"2023-06-01 16:10:08",27.33
"2023-06-01 16:10:14",27.33
"2023-06-01 16:10:17",27.33
"2023-06-01 16:10:23",27.33
"2023-06-01 16:10:29",27.33
"2023-06-01 16:10:32",27.33
"2023-06-01 16:10:38",27.33
"2023-06-01 16:10:44",27.33
"2023-06-01 16:10:47",27.33
"2023-06-01 16:10:53",27.33
"2023-06-01 16:10:59",27.33
"2023-06-01 16:11:02",27.33
"2023-06-01 16:11:08",27.33
"2023-06-01 16:11:14",27.33
"2023-06-01 16:11:17",27.33
"2023-06-01 16:11:23",27.33
"2023-06-01 16:11:30",27.33
"2023-06-01 16:11:33",27.33
"2023-06-01 16:11:39",27.33
"2023-06-01 16:11:45",27.34
"2023-06-01 16:11:48",27.33
"2023-06-01 16:11:54",27.33
"2023-06-01 16:12:00",27.33
"2023-06-01 16:12:03",27.33
"2023-06-01 16:12:09",27.32
"2023-06-01 16:12:12",27.33
"2023-06-01 16:12:18",27.33
"2023-06-01 16:12:24",27.33
"2023-06-01 16:12:27",27.32
"2023-06-01 16:12:33",27.33
"2023-06-01 16:12:39",27.32
"2023-06-01 16:12:42",27.33
"2023-06-01 16:12:48",27.32
"2023-06-01 16:12:54",27.33
"2023-06-01 16:12:57",27.32
"2023-06-01 16:13:03",27.33
"2023-06-01 16:13:09",27.33
"2023-06-01 16:13:12",27.33
"2023-06-01 16:13:18",27.33
"2023-06-01 16:13:24",27.33
"2023-06-01 16:13:27",27.33
"2023-06-01 16:13:33",27.33
"2023-06-01 16:13:39",27.33
"2023-06-01 16:13:42",27.33
"2023-06-01 16:13:48",27.32
"2023-06-01 16:13:54",27.33
"2023-06-01 16:13:57",27.32
"2023-06-01 16:14:03",27.33
"2023-06-01 16:14:09",27.32
"2023-06-01 16:14:12",27.32
"2023-06-01 16:14:18",27.33
"2023-06-01 16:14:24",27.33
"2023-06-01 16:14:27",27.33
"2023-06-01 16:14:33",27.33
"2023-06-01 16:14:39",27.33
"2023-06-01 16:14:42",27.33
"2023-06-01 16:14:48",27.33
"2023-06-01 16:14:54",27.33
"2023-06-01 16:14:57",27.33
"2023-06-01 16:15:03",27.33
"2023-06-01 16:15:09",27.33
"2023-06-01 16:15:12",27.33
"2023-06-01 16:15:18",27.33
"2023-06-01 16:15:24",27.32
"2023-06-01 16:15:27",27.33
"2023-06-01 16:15:33",27.33
"2023-06-01 16:15:39",27.33
"2023-06-01 16:15:42",27.32
"2023-06-01 16:15:48",27.33
"2023-06-01 16:15:54",27.33
"2023-06-01 16:15:57",27.33
"2023-06-01 16:16:03",27.33
"2023-06-01 16:16:09",27.32
"2023-06-01 16:16:12",27.33
"2023-06-01 16:16:18",27.32
"2023-06-01 16:16:24",27.32
"2023-06-01 16:16:27",27.33
"2023-06-01 16:16:33",27.33
"2023-06-01 16:16:39",27.33
"2023-06-01 16:16:42",27.32
"2023-06-01 16:16:48",27.32
"2023-06-01 16:16:54",27.34
"2023-06-01 16:16:57",27.33
"2023-06-01 16:17:03",27.33
"2023-06-01 16:17:09",27.33
"2023-06-01 16:17:12",27.33
"2023-06-01 16:17:18",27.33
"2023-06-01 16:17:24",27.32
"2023-06-01 16:17:27",27.33
"2023-06-01 16:17:33",27.33
"2023-06-01 16:17:39",27.33
"2023-06-01 16:17:42",27.33
"2023-06-01 16:17:48",27.33
"2023-06-01 16:17:54",27.33
"2023-06-01 16:17:57",27.33
"2023-06-01 16:18:04",27.33
"2023-06-01 16:18:10",27.33
"2023-06-01 16:18:13",27.33
"2023-06-01 16:18:19",27.33
"2023-06-01 16:18:25",27.33
"2023-06-01 16:18:28",27.33
"2023-06-01 16:18:34",27.33
"2023-06-01 16:18:40",27.33
"2023-06-01 16:18:43",27.32
"2023-06-01 16:18:49",27.33
"2023-06-01 16:18:55",27.33
"2023-06-01 16:18:58",27.32
"2023-06-01 16:19:07",27.32
"2023-06-01 16:19:13",27.32
"2023-06-01 16:19:19",27.33
"2023-06-01 16:19:25",27.33
"2023-06-01 16:19:28",27.32
"2023-06-01 16:19:34",27.33
"2023-06-01 16:19:37",27.32
"2023-06-01 16:19:43",27.33
"2023-06-01 16:19:49",27.33
"2023-06-01 16:19:52",27.33
"2023-06-01 16:19:58",27.33
"2023-06-01 16:20:04",27.34
"2023-06-01 16:20:07",27.32
"2023-06-01 16:20:13",27.33
"2023-06-01 16:20:19",27.33
"2023-06-01 16:20:22",27.32
"2023-06-01 16:20:28",27.32
"2023-06-01 16:20:34",27.33
"2023-06-01 16:20:37",27.33
"2023-06-01 16:20:43",27.32
"2023-06-01 16:20:49",27.33
"2023-06-01 16:20:52",27.33
"2023-06-01 16:20:58",27.32
"2023-06-01 16:21:04",27.33
"2023-06-01 16:21:07",27.32
"2023-06-01 16:21:13",27.32
"2023-06-01 16:21:19",27.33
"2023-06-01 16:21:22",27.33
"2023-06-01 16:21:28",27.33
"2023-06-01 16:21:34",27.33
"2023-06-01 16:21:37",27.32
"2023-06-01 16:21:43",27.32
"2023-06-01 16:21:49",27.32
"2023-06-01 16:21:52",27.33
"2023-06-01 16:21:58",27.32
"2023-06-01 16:22:04",27.32
"2023-06-01 16:22:07",27.32
"2023-06-01 16:22:13",27.32
"2023-06-01 16:22:19",27.33
"2023-06-01 16:22:22",27.33
"2023-06-01 16:22:28",27.33
"2023-06-01 16:22:34",27.33
"2023-06-01 16:22:37",27.33
"2023-06-01 16:22:43",27.33
"2023-06-01 16:22:49",27.33
"2023-06-01 16:22:52",27.32
"2023-06-01 16:22:58",27.32
"2023-06-01 16:23:04",27.32
"2023-06-01 16:23:07",27.32
"2023-06-01 16:23:13",27.33
"2023-06-01 16:23:19",27.33
"2023-06-01 16:23:22",27.33
"2023-06-01 16:23:28",27.33
"2023-06-01 16:23:34",27.32
"2023-06-01 16:23:37",27.33
"2023-06-01 16:23:43",27.33
"2023-06-01 16:23:49",27.32
"2023-06-01 16:23:52",27.34
"2023-06-01 16:23:58",27.33
"2023-06-01 16:24:04",27.33
"2023-06-01 16:24:07",27.32
"2023-06-01 16:24:13",27.33
"2023-06-01 16:24:19",27.32
"2023-06-01 16:24:22",27.33
"2023-06-01 16:24:28",27.33
"2023-06-01 16:24:34",27.33
"2023-06-01 16:24:37",27.33
"2023-06-01 16:24:49",27.33
"2023-06-01 16:24:52",27.33
"2023-06-01 16:24:58",27.33
"2023-06-01 16:25:04",27.33
"2023-06-01 16:25:07",27.32
"2023-06-01 16:25:13",27.33
"2023-06-01 16:25:20",27.32
"2023-06-01 16:25:23",27.32
"2023-06-01 16:25:29",27.33
"2023-06-01 16:25:35",27.33
"2023-06-01 16:25:38",27.32
"2023-06-01 16:25:44",27.33
"2023-06-01 16:25:50",27.32
"2023-06-01 16:25:53",27.33
"2023-06-01 16:25:59",27.33
"2023-06-01 16:26:05",27.32
"2023-06-01 16:26:08",27.32
"2023-06-01 16:26:14",27.32
"2023-06-01 16:26:20",27.32
"2023-06-01 16:26:23",27.32
"2023-06-01 16:26:29",27.32
"2023-06-01 16:26:32",27.32
"2023-06-01 16:26:38",27.33
"2023-06-01 16:26:44",27.33
"2023-06-01 16:26:47",27.33
"2023-06-01 16:26:53",27.33
"2023-06-01 16:26:59",27.32
"2023-06-01 16:27:02",27.32
"2023-06-01 16:27:08",27.33
"2023-06-01 16:27:14",27.32
"2023-06-01 16:27:17",27.33
"2023-06-01 16:27:23",27.32
"2023-06-01 16:27:29",27.32
"2023-06-01 16:27:32",27.32
"2023-06-01 16:27:38",27.32
"2023-06-01 16:27:44",27.33
"2023-06-01 16:27:47",27.32
"2023-06-01 16:27:53",27.33
"2023-06-01 16:27:59",27.33
"2023-06-01 16:28:02",27.32
"2023-06-01 16:28:08",27.33
"2023-06-01 16:28:14",27.32
"2023-06-01 16:28:17",27.32
"2023-06-01 16:28:23",27.32
"2023-06-01 16:28:29",27.32
"2023-06-01 16:28:32",27.33
"2023-06-01 16:28:38",27.32
"2023-06-01 16:28:44",27.32
"2023-06-01 16:28:47",27.32
"2023-06-01 16:28:53",27.32
"2023-06-01 16:28:59",27.33
"2023-06-01 16:29:02",27.32
"2023-06-01 16:29:08",27.33
"2023-06-01 16:29:14",27.32
"2023-06-01 16:29:17",27.33
"2023-06-01 16:29:23",27.33
"2023-06-01 16:29:29",27.32
"2023-06-01 16:29:32",27.32
"2023-06-01 16:29:38",27.32
"2023-06-01 16:29:44",27.33
"2023-06-01 16:29:47",27.32
"2023-06-01 16:29:53",27.32
"2023-06-01 16:29:59",27.32
"2023-06-01 16:30:02",27.32
"2023-06-01 16:30:08",27.33
"2023-06-01 16:30:14",27.33
"2023-06-01 16:30:17",27.33
"2023-06-01 16:30:23",27.32
"2023-06-01 16:30:29",27.32
"2023-06-01 16:30:32",27.32
"2023-06-01 16:30:38",27.32
"2023-06-01 16:30:44",27.32
"2023-06-01 16:30:47",27.32
"2023-06-01 16:30:53",27.33
"2023-06-01 16:30:59",27.33
"2023-06-01 16:31:02",27.32
"2023-06-01 16:31:08",27.32
"2023-06-01 16:31:14",27.33
"2023-06-01 16:31:17",27.33
"2023-06-01 16:31:23",27.33
"2023-06-01 16:31:29",27.33
"2023-06-01 16:31:44",27.33
"2023-06-01 16:31:47",27.32
"2023-06-01 16:31:53",27.32
"2023-06-01 16:32:00",27.33
"2023-06-01 16:32:03",27.33
"2023-06-01 16:32:09",27.33
"2023-06-01 16:32:15",27.33
"2023-06-01 16:32:18",27.32
"2023-06-01 16:32:24",27.33
"2023-06-01 16:32:30",27.33
"2023-06-01 16:32:33",27.33
"2023-06-01 16:32:39",27.32
"2023-06-01 16:32:45",27.33
"2023-06-01 16:32:48",27.32
"2023-06-01 16:32:54",27.33
"2023-06-01 16:33:00",27.33
"2023-06-01 16:33:03",27.33
"2023-06-01 16:33:09",27.33
"2023-06-01 16:33:12",27.33
"2023-06-01 16:33:18",27.33
"2023-06-01 16:33:24",27.33
"2023-06-01 16:33:27",27.32
"2023-06-01 16:33:33",27.33
"2023-06-01 16:33:39",27.33
"2023-06-01 16:33:42",27.32
"2023-06-01 16:33:48",27.33
"2023-06-01 16:33:54",27.33
"2023-06-01 16:33:57",27.33
"2023-06-01 16:34:03",27.32
"2023-06-01 16:34:09",27.32
"2023-06-01 16:34:12",27.33
"2023-06-01 16:34:18",27.33
"2023-06-01 16:34:24",27.33
"2023-06-01 16:34:27",27.33
"2023-06-01 16:34:33",27.33
"2023-06-01 16:34:39",27.33
"2023-06-01 16:34:42",27.33
"2023-06-01 16:34:48",27.33
"2023-06-01 16:34:54",27.33
"2023-06-01 16:34:57",27.33
"2023-06-01 16:35:03",27.33
"2023-06-01 16:35:09",27.33
"2023-06-01 16:35:12",27.33
"2023-06-01 16:35:18",27.33
"2023-06-01 16:35:24",27.32
"2023-06-01 16:35:27",27.32
"2023-06-01 16:35:33",27.33
"2023-06-01 16:35:39",27.33
"2023-06-01 16:35:42",27.33
"2023-06-01 16:35:48",27.34
"2023-06-01 16:35:54",27.33
"2023-06-01 16:35:57",27.33
"2023-06-01 16:36:03",27.33
"2023-06-01 16:36:09",27.33
"2023-06-01 16:36:12",27.33
"2023-06-01 16:36:18",27.33
"2023-06-01 16:36:24",27.32
"2023-06-01 16:36:27",27.33
"2023-06-01 16:36:33",27.33
"2023-06-01 16:36:39",27.33
"2023-06-01 16:36:42",27.33
"2023-06-01 16:36:48",27.33
"2023-06-01 16:36:54",27.33
"2023-06-01 16:36:57",27.33
"2023-06-01 16:37:09",27.33
"2023-06-01 16:37:12",27.33
"2023-06-01 16:37:18",27.34
"2023-06-01 16:37:24",27.33
"2023-06-01 16:37:27",27.34
"2023-06-01 16:37:33",27.33
"2023-06-01 16:37:39",27.33
"2023-06-01 16:37:42",27.33
"2023-06-01 16:37:48",27.33
"2023-06-01 16:37:54",27.33
"2023-06-01 16:37:57",27.33
"2023-06-01 16:38:03",27.33
"2023-06-01 16:38:09",27.33
"2023-06-01 16:38:12",27.33
"2023-06-01 16:38:18",27.33
"2023-06-01 16:38:24",27.33
"2023-06-01 16:38:27",27.33
"2023-06-01 16:38:33",27.33
"2023-06-01 16:38:39",27.33
"2023-06-01 16:38:42",27.34
"2023-06-01 16:38:48",27.34
"2023-06-01 16:38:54",27.33
"2023-06-01 16:38:57",27.33
"2023-06-01 16:39:03",27.33
"2023-06-01 16:39:09",27.33
"2023-06-01 16:39:12",27.33
"2023-06-01 16:39:18",27.33
"2023-06-01 16:39:24",27.33
"2023-06-01 16:39:27",27.34
"2023-06-01 16:39:33",27.34
"2023-06-01 16:39:40",27.34
"2023-06-01 16:39:43",27.33
"2023-06-01 16:39:49",27.33
"2023-06-01 16:39:55",27.33
"2023-06-01 16:39:58",27.33
"2023-06-01 16:40:04",27.33
"2023-06-01 16:40:10",27.33
"2023-06-01 16:40:13",27.33
"2023-06-01 16:40:19",27.34
"2023-06-01 16:40:25",27.34
"2023-06-01 16:40:28",27.33
"2023-06-01 16:40:34",27.33
"2023-06-01 16:40:40",27.33
"2023-06-01 16:40:43",27.33
"2023-06-01 16:40:49",27.33
"2023-06-01 16:40:55",27.33
"2023-06-01 16:40:58",27.33
"2023-06-01 16:41:04",27.33
"2023-06-01 16:41:07",27.34
"2023-06-01 16:41:13",27.33
"2023-06-01 16:41:19",27.34
"2023-06-01 16:41:25",27.34
"2023-06-01 16:41:28",27.33
"2023-06-01 16:41:34",27.33
"2023-06-01 16:41:37",27.33
"2023-06-01 16:41:43",27.34
"2023-06-01 16:41:49",27.34
"2023-06-01 16:41:52",27.33
"2023-06-01 16:41:58",27.33
"2023-06-01 16:42:04",27.34
"2023-06-01 16:42:07",27.33
"2023-06-01 16:42:13",27.34
"2023-06-01 16:42:19",27.34
"2023-06-01 16:42:22",27.33
"2023-06-01 16:42:28",27.33
"2023-06-01 16:42:34",27.33
"2023-06-01 16:42:37",27.34
"2023-06-01 16:42:43",27.34
"2023-06-01 16:42:49",27.33
"2023-06-01 16:42:52",27.33
"2023-06-01 16:42:58",27.33
"2023-06-01 16:43:04",27.33
"2023-06-01 16:43:07",27.34
"2023-06-01 16:43:13",27.34
"2023-06-01 16:43:19",27.34
"2023-06-01 16:43:22",27.33
"2023-06-01 16:43:28",27.33
"2023-06-01 16:43:34",27.33
"2023-06-01 16:43:37",27.33
"2023-06-01 16:43:43",27.33
"2023-06-01 16:43:49",27.34
"2023-06-01 16:43:52",27.34
"2023-06-01 16:43:58",27.33
"2023-06-01 16:44:04",27.34
"2023-06-01 16:44:07",27.33
"2023-06-01 16:44:13",27.33
"2023-06-01 16:44:19",27.34
"2023-06-01 16:44:22",27.34
"2023-06-01 16:44:28",27.33
"2023-06-01 16:44:34",27.33
"2023-06-01 16:44:37",27.34
"2023-06-01 16:44:43",27.34
"2023-06-01 16:44:49",27.33
"2023-06-01 16:44:52",27.33
"2023-06-01 16:44:58",27.33
"2023-06-01 16:45:04",27.34
"2023-06-01 16:45:07",27.34
"2023-06-01 16:45:13",27.34
"2023-06-01 16:45:19",27.34
"2023-06-01 16:45:22",27.34
"2023-06-01 16:45:28",27.34
"2023-06-01 16:45:34",27.33
"2023-06-01 16:45:37",27.33
"2023-06-01 16:45:43",27.34
"2023-06-01 16:45:49",27.34
"2023-06-01 16:45:52",27.34
"2023-06-01 16:45:58",27.34
"2023-06-01 16:46:04",27.34
"2023-06-01 16:46:07",27.34
"2023-06-01 16:46:13",27.34
"2023-06-01 16:46:19",27.34
"2023-06-01 16:46:22",27.34
"2023-06-01 16:46:28",27.34
"2023-06-01 16:46:34",27.34
"2023-06-01 16:46:37",27.34
"2023-06-01 16:46:44",27.34
"2023-06-01 16:46:50",27.34
"2023-06-01 16:46:53",27.34
"2023-06-01 16:46:59",27.34
"2023-06-01 16:47:05",27.34
"2023-06-01 16:47:08",27.34
"2023-06-01 16:47:14",27.34
"2023-06-01 16:47:20",27.33
"2023-06-01 16:47:23",27.33
"2023-06-01 16:47:29",27.34
"2023-06-01 16:47:35",27.34
"2023-06-01 16:47:38",27.34
"2023-06-01 16:47:44",27.34
"2023-06-01 16:47:50",27.34
"2023-06-01 16:47:53",27.34
"2023-06-01 16:47:59",27.35
"2023-06-01 16:48:05",27.34
"2023-06-01 16:48:08",27.34
"2023-06-01 16:48:14",27.34
"2023-06-01 16:48:20",27.34
"2023-06-01 16:48:23",27.34
"2023-06-01 16:48:29",27.35
"2023-06-01 16:48:32",27.34
"2023-06-01 16:48:38",27.34
"2023-06-01 16:48:44",27.34
"2023-06-01 16:48:50",27.34
"2023-06-01 16:48:53",27.34
"2023-06-01 16:48:59",27.35
"2023-06-01 16:49:02",27.34
"2023-06-01 16:49:08",27.34
"2023-06-01 16:49:14",27.34
"2023-06-01 16:49:17",27.34
"2023-06-01 16:49:23",27.34
"2023-06-01 16:49:29",27.34
"2023-06-01 16:49:32",27.34
"2023-06-01 16:49:38",27.34
"2023-06-01 16:49:44",27.34
"2023-06-01 16:49:47",27.34
"2023-06-01 16:49:53",27.34
"2023-06-01 16:49:59",27.34
"2023-06-01 16:50:02",27.35
"2023-06-01 16:50:08",27.34
"2023-06-01 16:50:14",27.34
"2023-06-01 16:50:17",27.34
"2023-06-01 16:50:23",27.34
"2023-06-01 16:50:29",27.34
"2023-06-01 16:50:32",27.34
"2023-06-01 16:50:38",27.35
"2023-06-01 16:50:44",27.35
"2023-06-01 16:50:47",27.34
"2023-06-01 16:50:53",27.34
"2023-06-01 16:50:59",27.35
"2023-06-01 16:51:02",27.34
"2023-06-01 16:51:08",27.34
"2023-06-01 16:51:14",27.34
"2023-06-01 16:51:17",27.34
"2023-06-01 16:51:23",27.35
"2023-06-01 16:51:29",27.35
"2023-06-01 16:51:32",27.33
"2023-06-01 16:51:38",27.35
"2023-06-01 16:51:44",27.35
"2023-06-01 16:51:47",27.35
"2023-06-01 16:51:53",27.34
"2023-06-01 16:51:59",27.34
"2023-06-01 16:52:02",27.34
"2023-06-01 16:52:08",27.34
"2023-06-01 16:52:14",27.34
"2023-06-01 16:52:17",27.34
"2023-06-01 16:52:23",27.34
"2023-06-01 16:52:29",27.34
"2023-06-01 16:52:32",27.34
"2023-06-01 16:52:39",27.34
"2023-06-01 16:52:45",27.34
"2023-06-01 16:52:48",27.34
"2023-06-01 16:52:54",27.34
"2023-06-01 16:53:00",27.34
"2023-06-01 16:53:03",27.34
"2023-06-01 16:53:09",27.34
"2023-06-01 16:53:15",27.34
"2023-06-01 16:53:18",27.34
"2023-06-01 16:53:24",27.35
"2023-06-01 16:53:30",27.34
"2023-06-01 16:53:33",27.35
"2023-06-01 16:53:39",27.34
"2023-06-01 16:53:45",27.34
"2023-06-01 16:53:48",27.34
"2023-06-01 16:53:54",27.34
"2023-06-01 16:53:57",27.35
"2023-06-01 16:54:03",27.35
"2023-06-01 16:54:09",27.34
"2023-06-01 16:54:12",27.35
"2023-06-01 16:54:18",27.34
"2023-06-01 16:54:24",27.35
"2023-06-01 16:54:27",27.35
"2023-06-01 16:54:33",27.34
"2023-06-01 16:54:39",27.34
"2023-06-01 16:54:42",27.34
"2023-06-01 16:54:48",27.34
"2023-06-01 16:54:54",27.34
"2023-06-01 16:54:57",27.34
"2023-06-01 16:55:03",27.34
"2023-06-01 16:55:09",27.34
"2023-06-01 16:55:12",27.34
"2023-06-01 16:55:18",27.34
"2023-06-01 16:55:24",27.34
"2023-06-01 16:55:27",27.35
"2023-06-01 16:55:33",27.35
"2023-06-01 16:55:39",27.34
"2023-06-01 16:55:42",27.34
"2023-06-01 16:55:48",27.34
"2023-06-01 16:55:54",27.34
"2023-06-01 16:55:57",27.34
"2023-06-01 16:56:03",27.35
"2023-06-01 16:56:09",27.35
"2023-06-01 16:56:12",27.34
"2023-06-01 16:56:18",27.34
"2023-06-01 16:56:24",27.34
"2023-06-01 16:56:27",27.35
"2023-06-01 16:56:33",27.34
"2023-06-01 16:56:39",27.34
"2023-06-01 16:56:42",27.34
"2023-06-01 16:56:48",27.35
"2023-06-01 16:56:54",27.34
"2023-06-01 16:56:57",27.35
"2023-06-01 16:57:03",27.35
"2023-06-01 16:57:09",27.34
"2023-06-01 16:57:12",27.34
"2023-06-01 16:57:18",27.35
"2023-06-01 16:57:24",27.34
"2023-06-01 16:57:27",27.35
"2023-06-01 16:57:33",27.34
"2023-06-01 16:57:39",27.35
"2023-06-01 16:57:42",27.35
"2023-06-01 16:57:48",27.35
"2023-06-01 16:57:54",27.34
"2023-06-01 16:57:57",27.34
"2023-06-01 16:58:03",27.34
"2023-06-01 16:58:09",27.34
"2023-06-01 16:58:12",27.34
"2023-06-01 16:58:18",27.35
"2023-06-01 16:58:24",27.35
"2023-06-01 16:58:27",27.34
"2023-06-01 16:58:34",27.34
"2023-06-01 16:58:40",27.34
"2023-06-01 16:58:43",27.34
"2023-06-01 16:58:49",27.34
"2023-06-01 16:58:55",27.34
"2023-06-01 16:58:58",27.34
"2023-06-01 16:59:04",27.34
"2023-06-01 16:59:10",27.34
"2023-06-01 16:59:13",27.34
"2023-06-01 16:59:19",27.34
"2023-06-01 16:59:25",27.35
"2023-06-01 16:59:28",27.35
"2023-06-01 16:59:34",27.34
"2023-06-01 16:59:40",27.35
"2023-06-01 16:59:43",27.34
"2023-06-01 16:59:49",27.35
"2023-06-01 16:59:55",27.35
"2023-06-01 16:59:58",27.35
"2023-06-01 17:00:04",27.35
"2023-06-01 17:00:07",27.35
"2023-06-01 17:00:13",27.35
"2023-06-01 17:00:19",27.34
"2023-06-01 17:00:25",27.35
"2023-06-01 17:00:28",27.35
"2023-06-01 17:00:34",27.34
"2023-06-01 17:00:37",27.34
"2023-06-01 17:00:43",27.35
"2023-06-01 17:00:49",27.35
"2023-06-01 17:00:52",27.34
"2023-06-01 17:00:58",27.35
"2023-06-01 17:01:04",27.35
"2023-06-01 17:01:07",27.34
